Workbook

Sheet 工数估算
A1: 嵌入式软件开发委托 — 工数与报价粗估
A2: 精度约 ±30%，仅用于初步沟通。蓝色单元格为输入值，可直接修改。
A3: 参数
A4: 单价下限（万日元/人月） | B4: 70 | C4: 来源：本人对準委任嵌入式工程师行情的大致印象，请按自身成本调整
A5: 单价上限（万日元/人月） | B5: 100 | C5: 同上（资深工程师更高）
A6: 团队人数下限（人） | B6: 3 | C6: 建议配置 3–4 人
A7: 团队人数上限（人） | B7: 4 | C7: 1 名资深（架构兼 PL）+ 2–3 名嵌入式工程师
A9: 工作项 | B9: 下限（人月） | C9: 上限（人月） | D9: 中值（人月） | E9: 占比（中值） | F9: 备注
A10: 需求分析、基本设计 | B10: 0.8 | C10: 1.2 | D10: =AVERAGE(B10:C10) -> 1 | E10: =D10/$D$20 -> 0.092165899 | F10: 含需求澄清会议、PoC 评估
A11: 架构、FreeRTOS、BSP、双 MCU 基础 | B11: 0.8 | C11: 1.2 | D11: =AVERAGE(B11:C11) -> 1 | E11: =D11/$D$20 -> 0.092165899 | F11: RX71M 与 RA8P 的硬件抽象层
A12: USB / 串口 PC 通信与协议 | B12: 0.6 | C12: 1 | D12: =AVERAGE(B12:C12) -> 0.8 | E12: =D12/$D$20 -> 0.073732719
A13: CAN / CAN FD | B13: 1 | C13: 1.5 | D13: =AVERAGE(B13:C13) -> 1.25 | E13: =D13/$D$20 -> 0.11520737 | F13: RX71M 不支持 CAN FD，需确认机型分工
A14: CANlog 记录与传输 | B14: 0.8 | C14: 1.2 | D14: =AVERAGE(B14:C14) -> 1 | E14: =D14/$D$20 -> 0.092165899 | F14: “VRAM”含义及断电保持需确认
A15: 多路 Serial（SPI / UART / LIN） | B15: 1 | C15: 1.5 | D15: =AVERAGE(B15:C15) -> 1.25 | E15: =D15/$D$20 -> 0.11520737
A16: GPIO / AD / DA / PWM | B16: 0.6 | C16: 0.9 | D16: =AVERAGE(B16:C16) -> 0.75 | E16: =D16/$D$20 -> 0.069124424
A17: Ethernet | B17: 0.8 | C17: 1.5 | D17: =AVERAGE(B17:C17) -> 1.15 | E17: =D17/$D$20 -> 0.10599078 | F17: 吞吐与实时性要求未知
A18: 集成测试、验证 | B18: 1.5 | C18: 2.5 | D18: =AVERAGE(B18:C18) -> 2 | E18: =D18/$D$20 -> 0.1843318 | F18: 不含客户现场验证
A19: 文档、项目管理 | B19: 0.5 | C19: 0.8 | D19: =AVERAGE(B19:C19) -> 0.65 | E19: =D19/$D$20 -> 0.059907834
A20: 合计 | B20: =SUM(B10:B19) -> 8.4 | C20: =SUM(C10:C19) -> 13.3 | D20: =SUM(D10:D19) -> 10.85 | E20: =SUM(E10:E19) -> 1
A22: 金额与周期
A23: 金额下限（万日元） | B23: =B20*B4 -> 588 | C23: 下限工数 × 单价下限
A24: 金额上限（万日元） | B24: =C20*B5 -> 1330 | C24: 上限工数 × 单价上限
A25: 金额中值（万日元） | B25: =D20*AVERAGE(B4:B5) -> 922.25 | C25: 中值工数 × 平均单价
A26: 周期下限（月） | B26: =D20/B7 -> 2.7125 | C26: 中值工数 ÷ 团队人数上限
A27: 周期上限（月） | B27: =D20/B6 -> 3.6166667 | C27: 中值工数 ÷ 团队人数下限
A29: 注：各项下限/上限之和为实际合计；回复客户时可暂以“约 8–13 人月”表述。

Sheet 变动因素
A1: 工数变动因素
A3: 因素 | B3: 单位 | C3: 调整（下限） | D3: 调整（上限） | E3: 对工数影响（下限，人月） | F3: 对工数影响（上限，人月） | G3: 备注
A4: 仅支持单一 MCU | B4: % | C4: -0.25 | D4: -0.2 | E4: =IF(ISNUMBER(C4),IF($B4="%",C4*工数估算!$D$20,C4),"待定") -> -2.7125 | F4: =IF(ISNUMBER(D4),IF($B4="%",D4*工数估算!$D$20,D4),"待定") -> -2.17 | G4: 按中值总工数的比例减少
A5: PoC 质量差、需重写 | B5: 人月 | C5: 1 | D5: 3 | E5: =IF(ISNUMBER(C5),IF($B5="%",C5*工数估算!$D$20,C5),"待定") -> 1 | F5: =IF(ISNUMBER(D5),IF($B5="%",D5*工数估算!$D$20,D5),"待定") -> 3
A6: 日志需断电保持（Flash / SD） | B6: 人月 | C6: 0.5 | D6: 0.5 | E6: =IF(ISNUMBER(C6),IF($B6="%",C6*工数估算!$D$20,C6),"待定") -> 0.5 | F6: =IF(ISNUMBER(D6),IF($B6="%",D6*工数估算!$D$20,D6),"待定") -> 0.5
A7: 需要 PC 端应用 | B7: 人月 | C7: 2 | D7: 4 | E7: =IF(ISNUMBER(C7),IF($B7="%",C7*工数估算!$D$20,C7),"待定") -> 2 | F7: =IF(ISNUMBER(D7),IF($B7="%",D7*工数估算!$D$20,D7),"待定") -> 4 | G7: 另算
A8: CAN FD / Ethernet 有高吞吐、实时性要求 | B8: — | C8: 待定 | D8: 待定 | E8: =IF(ISNUMBER(C8),IF($B8="%",C8*工数估算!$D$20,C8),"待定") -> 待定 | F8: =IF(ISNUMBER(D8),IF($B8="%",D8*工数估算!$D$20,D8),"待定") -> 待定 | G8: 方向：增加，量待性能指标确定

Sheet 前提与待确认
A1: 估算前提与待确认事项
A3: 类别 | B3: 内容
A4: 前提 | B4: PC Application 不在范围内
A5: 前提 | B5: RX71M、RA8P 两款均支持，使用官方库（FSP / Smart Configurator），并做硬件抽象层
A6: 前提 | B6: PoC 有一定可复用度，但不直接沿用
A7: 前提 | B7: 需求分析至测试全包，不含客户现场验证
A8: 前提 | B8: 合同形式以準委任为前提；开始时间 2026/11〜
A9: 待确认 | B9: RX71M 不支持 CAN FD：两款 MCU 是否都要覆盖全部功能？
A10: 待确认 | B10: “VRAM”的含义、日志容量、是否需要断电保持
A11: 待确认 | B11: 性能指标：总线负载、速率、AD/DA 精度与通道数、PWM 频率、PC 吞吐量
A12: 待确认 | B12: PC Application 是否包含在本次委托内
A13: 待确认 | B13: PoC 的代码质量、归属及可复用程度
A14: 待确认 | B14: 开发环境（IDE / 编译器 / 调试器）与实机、测试设备的提供方式
