Workbook

Sheet 工数見積
A1: 組込みソフトウェア開発委託 — 工数・見積の概算
A2: 精度はおおよそ±30%。初期の打ち合わせ用。青色のセルは入力値で、直接変更できる。
A3: パラメータ
A4: 単価下限（万円／人月） | B4: 70 | C4: 出典：準委任の組込みエンジニア相場についての大まかな印象。自社コストに合わせて調整すること。
A5: 単価上限（万円／人月） | B5: 100 | C5: 同上（シニアエンジニアはさらに高い）
A6: チーム人数下限（人） | B6: 3 | C6: 推奨構成は3〜4名
A7: チーム人数上限（人） | B7: 4 | C7: シニア1名（アーキテクチャ兼PL）＋組込みエンジニア2〜3名
A9: 作業項目 | B9: 下限（人月） | C9: 上限（人月） | D9: 中央値（人月） | E9: 割合（中央値） | F9: 備考
A10: 要求分析・基本設計 | B10: 0.8 | C10: 1.2 | D10: =AVERAGE(B10:C10) -> 1 | E10: =D10/$D$20 -> 0.092165899 | F10: 要求の明確化ミーティング、PoC評価を含む
A11: アーキテクチャ、FreeRTOS、BSP、デュアルMCU基盤 | B11: 0.8 | C11: 1.2 | D11: =AVERAGE(B11:C11) -> 1 | E11: =D11/$D$20 -> 0.092165899 | F11: RX71MとRA8Pのハードウェア抽象層
A12: USB／シリアルによるPC通信とプロトコル | B12: 0.6 | C12: 1 | D12: =AVERAGE(B12:C12) -> 0.8 | E12: =D12/$D$20 -> 0.073732719
A13: CAN / CAN FD | B13: 1 | C13: 1.5 | D13: =AVERAGE(B13:C13) -> 1.25 | E13: =D13/$D$20 -> 0.11520737 | F13: RX71MはCAN FD非対応。機種分担の確認が必要
A14: CANlogの記録と転送 | B14: 0.8 | C14: 1.2 | D14: =AVERAGE(B14:C14) -> 1 | E14: =D14/$D$20 -> 0.092165899 | F14: 「VRAM」の意味、および電源断時の保持要否を確認
A15: 複数系統シリアル（SPI／UART／LIN） | B15: 1 | C15: 1.5 | D15: =AVERAGE(B15:C15) -> 1.25 | E15: =D15/$D$20 -> 0.11520737
A16: GPIO / AD / DA / PWM | B16: 0.6 | C16: 0.9 | D16: =AVERAGE(B16:C16) -> 0.75 | E16: =D16/$D$20 -> 0.069124424
A17: Ethernet | B17: 0.8 | C17: 1.5 | D17: =AVERAGE(B17:C17) -> 1.15 | E17: =D17/$D$20 -> 0.10599078 | F17: スループットとリアルタイム性の要件は未定
A18: 結合テスト・検証 | B18: 1.5 | C18: 2.5 | D18: =AVERAGE(B18:C18) -> 2 | E18: =D18/$D$20 -> 0.1843318 | F18: 顧客先での現地検証は含まない
A19: ドキュメント・プロジェクト管理 | B19: 0.5 | C19: 0.8 | D19: =AVERAGE(B19:C19) -> 0.65 | E19: =D19/$D$20 -> 0.059907834
A20: 合計 | B20: =SUM(B10:B19) -> 8.4 | C20: =SUM(C10:C19) -> 13.3 | D20: =SUM(D10:D19) -> 10.85 | E20: =SUM(E10:E19) -> 1
A22: 金額と期間
A23: 金額下限（万円） | B23: =B20*B4 -> 588 | C23: 下限工数 × 単価下限
A24: 金額上限（万円） | B24: =C20*B5 -> 1330 | C24: 上限工数 × 単価上限
A25: 金額中央値（万円） | B25: =D20*AVERAGE(B4:B5) -> 922.25 | C25: 中央値工数 × 平均単価
A26: 期間下限（月） | B26: =D20/B7 -> 2.7125 | C26: 中央値工数 ÷ チーム人数上限
A27: 期間上限（月） | B27: =D20/B6 -> 3.6166667 | C27: 中央値工数 ÷ チーム人数下限
A29: 注：各項目の下限／上限の合計が実際の合計。顧客への回答では当面「約8〜13人月」としてよい。

Sheet 変動要因
A1: 工数の変動要因
A3: 要因 | B3: 単位 | C3: 調整（下限） | D3: 調整（上限） | E3: 工数への影響（下限、人月） | F3: 工数への影響（上限、人月） | G3: 備考
A4: 単一MCUのみ対応 | B4: % | C4: -0.25 | D4: -0.2 | E4: =IF(ISNUMBER(C4),IF($B4="%",C4*工数見積!$D$20,C4),"未定") -> -2.7125 | F4: =IF(ISNUMBER(D4),IF($B4="%",D4*工数見積!$D$20,D4),"未定") -> -2.17 | G4: 中央値の総工数に対する割合で減少
A5: PoCの品質が低く、書き直しが必要 | B5: 人月 | C5: 1 | D5: 3 | E5: =IF(ISNUMBER(C5),IF($B5="%",C5*工数見積!$D$20,C5),"未定") -> 1 | F5: =IF(ISNUMBER(D5),IF($B5="%",D5*工数見積!$D$20,D5),"未定") -> 3
A6: ログの電源断保持が必要（Flash／SD） | B6: 人月 | C6: 0.5 | D6: 0.5 | E6: =IF(ISNUMBER(C6),IF($B6="%",C6*工数見積!$D$20,C6),"未定") -> 0.5 | F6: =IF(ISNUMBER(D6),IF($B6="%",D6*工数見積!$D$20,D6),"未定") -> 0.5
A7: PCアプリケーションが必要 | B7: 人月 | C7: 2 | D7: 4 | E7: =IF(ISNUMBER(C7),IF($B7="%",C7*工数見積!$D$20,C7),"未定") -> 2 | F7: =IF(ISNUMBER(D7),IF($B7="%",D7*工数見積!$D$20,D7),"未定") -> 4 | G7: 別途
A8: CAN FD／Ethernetに高スループット・リアルタイム要件がある | B8: — | C8: 未定 | D8: 未定 | E8: =IF(ISNUMBER(C8),IF($B8="%",C8*工数見積!$D$20,C8),"未定") -> 未定 | F8: =IF(ISNUMBER(D8),IF($B8="%",D8*工数見積!$D$20,D8),"未定") -> 未定 | G8: 方向は増加。量は性能指標の確定後

Sheet 前提と確認事項
A1: 見積の前提と確認事項
A3: 区分 | B3: 内容
A4: 前提 | B4: PCアプリケーションは範囲外
A5: 前提 | B5: RX71M、RA8Pの両機種に対応。公式ライブラリ（FSP／Smart Configurator）を使用し、ハードウェア抽象層を設ける
A6: 前提 | B6: PoCはある程度再利用できるが、そのまま流用はしない
A7: 前提 | B7: 要求分析からテストまで一式。顧客先での現地検証は含まない
A8: 前提 | B8: 契約形態は準委任を前提とする。開始時期は2026/11〜
A9: 確認事項 | B9: RX71MはCAN FD非対応。両MCUとも全機能をカバーする必要があるか
A10: 確認事項 | B10: 「VRAM」の意味、ログ容量、電源断時の保持要否
A11: 確認事項 | B11: 性能指標：バス負荷、速度、AD/DAの精度とチャネル数、PWM周波数、PCスループット
A12: 確認事項 | B12: PCアプリケーションが今回の委託範囲に含まれるか
A13: 確認事項 | B13: PoCのコード品質、帰属、および再利用の程度
A14: 確認事項 | B14: 開発環境（IDE／コンパイラ／デバッガ）、ならびに実機・試験装置の提供方法
